RA,E,Q,U,X,A,RI,size,t
100,10,0,0,0,0,0,110,0
100,10,0,0,0,0,0,110,0.005
100,10,0,0,0,0,0,110,0.01
100,10,0,0,0,0,0,110,0.015
100,10,0,0,0,1,0,111,0.02
100,10,1,0,0,1,0,112,0.025
100,11,1,0,0,0,0,112,0.03
100,11,1,0,0,0,0,112,0.035
100,11,1,0,0,0,0,112,0.04
100,11,1,0,0,0,0,112,0.045
100,11,1,0,0,0,0,112,0.05
100,11,1,0,0,0,0,112,0.055
100,11,1,0,0,0,0,112,0.06
100,11,1,0,0,0,0,112,0.065
100,11,1,0,0,0,0,112,0.07
100,11,1,0,0,0,0,112,0.075
100,11,1,0,0,0,0,112,0.08
100,11,1,0,0,0,0,112,0.085
100,11,1,0,0,0,0,112,0.09
100,11,1,0,0,2,0,114,0.095
101,11,1,0,0,1,0,114,0.1
101,11,1,0,0,1,0,114,0.105
101,12,1,0,0,1,0,115,0.11
101,12,2,0,0,0,0,115,0.115
101,12,2,0,0,0,0,115,0.12
101,12,2,0,0,0,0,115,0.125
101,12,2,0,0,0,0,115,0.13
101,12,2,0,0,1,0,116,0.135
101,12,2,0,0,1,0,116,0.14
101,12,2,0,0,2,0,117,0.145
101,12,2,0,0,2,0,117,0.15
101,13,2,0,0,1,0,117,0.155
101,13,3,0,0,0,0,117,0.16
101,13,3,0,0,0,0,117,0.165
101,13,3,0,0,1,0,118,0.17
101,13,3,0,0,1,0,118,0.175
101,14,3,0,0,0,0,118,0.18
101,14,3,0,0,0,0,118,0.185
101,14,3,0,0,0,0,118,0.19
101,14,3,0,0,0,0,118,0.195
101,15,3,0,0,0,0,119,0.2
101,15,3,0,0,0,0,119,0.205
101,15,3,0,0,0,0,119,0.21
101,15,3,0,0,0,0,119,0.215
101,15,3,0,0,0,0,119,0.22
101,15,3,0,0,0,0,119,0.225
101,15,3,0,0,0,0,119,0.23
101,15,3,0,0,1,0,120,0.235
101,16,3,0,0,0,0,120,0.24
101,16,3,0,0,0,0,120,0.245
101,16,3,0,0,1,0,121,0.25
101,16,3,0,0,2,0,122,0.255
102,16,3,0,1,0,0,122,0.26
102,16,3,0,1,0,0,122,0.265
102,16,3,0,1,0,0,122,0.27
102,16,3,0,1,0,0,122,0.275
102,16,3,0,1,0,0,122,0.28
102,16,3,0,1,0,0,122,0.285
102,16,3,0,1,0,0,122,0.29
102,16,3,0,1,1,0,123,0.295
102,16,3,0,1,1,0,123,0.3
102,16,3,0,1,1,0,123,0.305
102,16,3,0,1,3,0,125,0.31
102,16,3,0,2,2,0,125,0.315
102,16,4,0,2,1,0,125,0.32
102,16,4,0,2,1,0,125,0.325
103,16,4,0,2,0,0,125,0.33
103,16,4,0,2,1,0,126,0.335
103,16,4,0,2,2,0,127,0.34
103,17,4,0,2,1,0,127,0.345
103,17,5,0,2,1,0,128,0.35
104,17,5,0,2,0,0,128,0.355
104,17,5,0,2,0,0,128,0.36
104,17,5,0,2,0,0,128,0.365
104,17,5,0,2,0,0,128,0.37
104,17,5,0,2,0,0,128,0.375
104,17,5,0,2,0,0,128,0.38
104,17,5,0,2,0,0,128,0.385
104,17,5,0,2,0,0,128,0.39
104,17,5,0,2,1,0,129,0.395
105,17,5,0,2,0,0,129,0.4
105,17,5,0,2,0,0,129,0.405
105,17,5,0,2,0,0,129,0.41
105,17,5,0,2,0,0,129,0.415
105,17,5,0,2,1,0,130,0.42
105,17,5,0,2,1,0,130,0.425
105,18,5,0,2,1,0,131,0.43
105,18,5,0,2,2,0,132,0.435
105,18,6,0,2,1,0,132,0.44
105,19,6,0,2,0,0,132,0.445
105,19,6,0,2,0,0,132,0.45
105,19,6,0,2,0,0,132,0.455
105,19,6,0,2,0,0,132,0.46
105,19,6,0,2,0,0,132,0.465
105,19,6,0,2,1,0,133,0.47
105,19,6,0,2,2,0,134,0.475
106,19,6,0,2,2,0,135,0.48
106,20,6,0,2,1,0,135,0.485
106,20,6,0,2,1,0,135,0.49
106,20,6,0,3,0,0,135,0.495
107,20,6,0,3,0,0,136,0.5
107,20,6,0,3,0,0,136,0.505
107,20,6,0,3,0,0,136,0.51
107,20,6,0,3,0,0,136,0.515
107,20,6,0,3,0,0,136,0.52
107,20,6,0,3,0,0,136,0.525
107,20,6,0,3,0,0,136,0.53
107,20,6,0,3,0,0,136,0.535
107,20,7,0,3,0,0,137,0.54
107,20,7,0,3,0,0,137,0.545
107,20,7,0,3,0,0,137,0.55
107,20,7,0,3,0,0,137,0.555
107,20,7,0,3,0,0,137,0.56
107,20,7,0,3,0,0,137,0.565
107,20,7,0,3,0,0,137,0.57
107,20,7,0,3,0,0,137,0.575
107,20,7,0,3,0,0,137,0.58
107,20,8,0,3,0,0,138,0.585
107,20,8,0,3,0,0,138,0.59
107,20,8,0,3,0,0,138,0.595
107,20,9,0,3,0,0,139,0.6
107,20,9,0,3,1,0,140,0.605
107,20,9,0,3,1,0,140,0.61
109,20,9,0,3,0,0,141,0.615
109,20,9,0,3,1,0,142,0.62
109,20,9,0,3,1,0,142,0.625
110,20,9,0,3,0,0,142,0.63
110,20,9,0,3,0,0,142,0.635
110,20,9,0,3,1,0,143,0.64
111,20,9,0,3,0,0,143,0.645
111,20,9,0,3,1,0,144,0.65
111,20,9,0,4,0,0,144,0.655
112,20,9,0,4,0,0,145,0.66
112,20,9,0,4,0,0,145,0.665
112,20,9,0,4,0,0,145,0.67
112,20,10,0,4,0,0,146,0.675
112,20,11,0,4,0,0,147,0.68
112,20,11,0,4,1,0,148,0.685
112,21,11,0,4,2,0,150,0.69
112,21,12,0,4,1,0,150,0.695
112,23,12,0,4,1,0,152,0.7
112,24,13,0,4,0,0,153,0.705
112,24,13,0,5,0,0,154,0.71
112,24,13,0,5,1,0,155,0.715
112,24,14,0,5,0,0,155,0.72
112,24,14,0,5,1,0,156,0.725
113,24,14,0,5,1,0,157,0.73
113,24,14,0,6,0,0,157,0.735
113,24,14,0,6,0,0,157,0.74
113,24,14,0,6,0,0,157,0.745
113,24,14,0,6,0,0,157,0.75
113,24,14,0,6,0,0,157,0.755
113,24,14,0,6,0,0,157,0.76
113,24,14,0,6,0,0,157,0.765
113,24,14,0,6,0,0,157,0.77
113,24,14,0,6,1,0,158,0.775
113,25,14,0,6,0,0,158,0.78
113,25,14,0,6,0,0,158,0.785
113,25,14,0,6,0,0,158,0.79
113,25,14,0,6,0,0,158,0.795
113,26,14,0,6,0,0,159,0.8
113,26,14,0,6,0,0,159,0.805
113,26,14,0,6,0,0,159,0.81
113,26,14,0,6,0,0,159,0.815
113,26,14,0,6,0,0,159,0.82
113,26,15,0,6,0,0,160,0.825
113,26,15,0,6,0,0,160,0.83
113,27,15,0,6,0,0,161,0.835
113,27,15,0,6,0,0,161,0.84
113,27,15,0,6,0,0,161,0.845
113,27,15,0,6,0,0,161,0.85
113,27,15,0,6,0,0,161,0.855
113,27,15,0,6,1,0,162,0.86
113,27,15,0,6,2,0,163,0.865
113,29,15,0,6,1,0,164,0.87
113,29,16,0,6,0,0,164,0.875
113,29,16,0,6,1,0,165,0.88
113,29,16,0,6,1,0,165,0.885
113,29,16,0,7,1,0,166,0.89
113,29,16,0,7,2,0,167,0.895
114,29,17,0,7,0,0,167,0.9
114,29,17,0,7,0,0,167,0.905
114,29,17,0,7,0,0,167,0.91
114,29,17,0,7,1,0,168,0.915
114,29,19,0,7,0,0,169,0.92
114,29,19,0,7,0,0,169,0.925
114,29,19,0,7,0,0,169,0.93
114,29,20,0,7,0,0,170,0.935
114,29,20,0,7,0,0,170,0.94
114,29,20,0,7,0,0,170,0.945
114,30,20,0,7,0,0,171,0.95
114,30,20,0,7,1,0,172,0.955
114,30,20,0,7,1,0,172,0.96
114,30,21,0,7,0,0,172,0.965
114,30,21,0,7,0,0,172,0.97
114,30,21,0,7,0,0,172,0.975
114,30,21,0,7,0,0,172,0.98
114,30,21,0,7,0,0,172,0.985
114,30,22,0,7,0,0,173,0.99
114,30,22,0,7,0,0,173,0.995
114,30,22,0,7,0,0,173,1
114,30,22,0,7,0,0,173,1.005
114,30,22,0,7,0,0,173,1.01
114,30,22,0,7,1,0,174,1.015
114,30,22,0,7,2,0,175,1.02
114,31,22,0,7,2,0,176,1.025
115,31,22,0,7,2,0,177,1.03
115,31,22,0,8,3,0,179,1.035
115,32,24,0,8,0,0,179,1.04
115,33,24,0,8,1,0,181,1.045
115,33,24,0,9,0,0,181,1.05
115,33,24,0,10,1,0,183,1.055
115,33,24,0,10,1,0,183,1.06
116,33,24,0,10,0,0,183,1.065
116,33,24,0,10,0,0,183,1.07
116,33,24,0,10,1,0,184,1.075
116,33,24,0,11,0,0,184,1.08
116,33,24,0,11,0,0,184,1.085
116,33,24,0,11,0,0,184,1.09
116,33,24,0,11,0,0,184,1.095
116,33,24,0,11,1,0,185,1.1
116,33,24,0,11,1,0,185,1.105
116,33,24,0,11,1,0,185,1.11
117,33,24,0,11,0,0,185,1.115
117,33,24,0,11,1,0,186,1.12
117,33,24,0,11,1,0,186,1.125
118,33,24,0,11,0,0,186,1.13
118,33,24,0,11,1,0,187,1.135
118,33,24,0,11,1,0,187,1.14
118,33,24,0,11,1,0,187,1.145
119,33,24,0,11,1,0,188,1.15
119,33,24,0,11,1,0,188,1.155
119,33,25,0,11,0,0,188,1.16
119,33,25,0,11,0,0,188,1.165
119,33,25,0,11,0,0,188,1.17
119,34,25,0,11,0,0,189,1.175
119,34,25,0,11,0,0,189,1.18
119,34,25,0,11,0,0,189,1.185
119,34,25,0,11,0,0,189,1.19
119,34,25,0,11,0,0,189,1.195
119,34,25,0,11,0,0,189,1.2
119,34,25,0,11,0,0,189,1.205
119,34,25,0,11,1,0,190,1.21
119,34,25,0,12,0,0,190,1.215
119,34,25,0,12,0,0,190,1.22
119,34,25,0,12,0,0,190,1.225
119,34,25,0,13,0,0,191,1.23
119,34,25,0,13,1,0,192,1.235
119,34,25,0,13,4,0,195,1.24
119,35,25,0,13,3,0,195,1.245
120,35,26,0,14,3,0,198,1.25
120,37,26,0,14,1,0,198,1.255
121,37,26,0,14,0,0,198,1.26
121,38,26,0,14,0,0,199,1.265
121,38,26,0,14,0,0,199,1.27
121,38,26,0,14,0,0,199,1.275
121,38,27,0,14,0,0,200,1.28
121,38,27,0,14,0,0,200,1.285
121,38,27,0,14,0,0,200,1.29
121,38,27,0,14,0,0,200,1.295
121,38,27,0,14,0,0,200,1.3
121,38,27,0,14,0,0,200,1.305
121,38,27,0,14,1,0,201,1.31
121,38,27,0,14,1,0,201,1.315
122,38,27,0,14,1,0,202,1.32
122,38,27,0,14,2,0,203,1.325
122,38,28,0,14,2,0,204,1.33
122,39,28,0,15,1,0,205,1.335
123,39,28,0,15,0,0,205,1.34
123,39,28,0,15,0,0,205,1.345
123,39,28,0,15,0,0,205,1.35
123,39,28,0,15,0,0,205,1.355
123,39,28,0,15,1,0,206,1.36
123,39,28,0,16,0,0,206,1.365
123,39,28,0,16,0,0,206,1.37
123,39,28,0,17,0,0,207,1.375
123,39,28,0,17,1,0,208,1.38
123,39,28,0,17,2,0,209,1.385
123,39,29,0,17,1,0,209,1.39
123,39,29,0,17,2,0,210,1.395
123,41,29,0,17,0,0,210,1.4
123,41,29,0,17,1,0,211,1.405
123,41,29,0,18,1,0,212,1.41
123,42,29,0,18,1,0,213,1.415
123,43,29,0,18,0,0,213,1.42
123,43,29,0,18,0,0,213,1.425
123,43,29,0,18,0,0,213,1.43
124,43,29,0,18,0,0,214,1.435
124,43,30,0,18,0,0,215,1.44
125,43,31,0,18,1,0,218,1.445
125,43,31,0,18,1,0,218,1.45
125,44,32,0,18,0,0,219,1.455
126,44,32,0,18,0,0,220,1.46
126,44,33,0,18,0,0,221,1.465
126,44,34,0,18,0,0,222,1.47
126,44,34,0,18,0,0,222,1.475
126,44,34,0,19,0,0,223,1.48
126,44,34,0,19,1,0,224,1.485
126,44,34,0,19,2,0,225,1.49
127,44,34,0,19,3,0,227,1.495
127,44,35,0,19,5,0,230,1.5
127,45,35,0,19,4,0,230,1.505
127,45,35,0,19,5,0,231,1.51
128,46,35,0,19,3,0,231,1.515
128,46,36,0,19,2,0,231,1.52
128,48,36,0,19,0,0,231,1.525
128,48,36,0,19,0,0,231,1.53
128,48,36,0,19,1,0,232,1.535
128,48,38,0,19,1,0,234,1.54
129,48,38,0,19,1,0,235,1.545
129,48,38,0,19,1,0,235,1.55
130,49,38,0,20,0,0,237,1.555
130,50,38,0,20,0,0,238,1.56
130,50,39,0,20,1,0,240,1.565
130,50,40,0,20,0,0,240,1.57
130,51,40,0,20,0,0,241,1.575
130,51,40,0,20,1,0,242,1.58
131,51,40,0,20,0,0,242,1.585
131,51,40,0,20,2,0,244,1.59
131,51,41,0,20,1,0,244,1.595
131,52,42,0,20,0,0,245,1.6
131,52,42,0,20,0,0,245,1.605
132,52,42,0,20,0,0,246,1.61
132,52,42,0,20,0,0,246,1.615
132,52,42,0,21,0,0,247,1.62
132,53,42,0,21,0,0,248,1.625
132,53,42,0,21,0,0,248,1.63
132,54,42,0,21,1,0,250,1.635
132,54,42,0,21,2,0,251,1.64
132,54,44,0,21,0,0,251,1.645
132,55,44,0,21,0,0,252,1.65
132,55,44,0,21,2,0,254,1.655
132,56,45,0,21,2,0,256,1.66
132,56,45,0,22,1,0,256,1.665
133,56,45,0,22,2,0,258,1.67
133,57,45,0,22,1,0,258,1.675
133,57,45,0,22,2,0,259,1.68
134,57,46,0,22,1,0,260,1.685
134,57,46,0,22,2,0,261,1.69
135,57,46,0,22,2,0,262,1.695
135,59,46,0,22,0,0,262,1.7
136,59,47,0,22,1,0,265,1.705
136,60,47,0,22,2,0,267,1.71
137,60,47,0,22,2,0,268,1.715
138,60,48,0,22,1,0,269,1.72
138,60,48,0,22,1,0,269,1.725
138,62,48,0,22,0,0,270,1.73
138,62,48,0,22,2,0,272,1.735
138,62,49,0,23,2,0,274,1.74
140,62,49,0,23,0,0,274,1.745
140,62,49,0,24,1,0,276,1.75
140,63,50,0,24,2,0,279,1.755
140,64,50,0,24,2,0,280,1.76
140,65,50,0,25,1,0,281,1.765
140,65,50,0,26,2,0,283,1.77
140,66,50,0,26,2,0,284,1.775
140,67,50,0,26,3,0,286,1.78
141,68,51,0,26,2,0,288,1.785
141,69,51,0,26,2,0,289,1.79
141,70,51,0,27,1,0,290,1.795
141,70,53,0,27,0,0,291,1.8
141,70,53,0,27,0,0,291,1.805
141,70,53,0,27,1,0,292,1.81
141,71,53,0,27,1,0,293,1.815
141,71,53,0,27,2,0,294,1.82
142,72,53,0,28,0,0,295,1.825
142,72,53,0,28,0,0,295,1.83
142,72,53,0,28,0,0,295,1.835
142,72,53,0,28,0,0,295,1.84
142,72,53,0,28,0,0,295,1.845
142,72,53,0,28,2,0,297,1.85
142,72,53,0,28,2,0,297,1.855
142,72,53,0,29,1,0,297,1.86
142,72,53,0,30,2,0,299,1.865
142,73,54,0,30,1,0,300,1.87
142,74,54,0,30,3,0,303,1.875
143,75,54,0,30,3,0,305,1.88
143,76,55,0,30,5,0,309,1.885
143,77,55,0,31,5,0,311,1.89
143,79,56,0,31,3,0,312,1.895
143,80,57,0,31,3,0,314,1.9
144,80,57,0,31,2,0,314,1.905
144,80,58,0,31,1,0,314,1.91
144,80,58,0,31,4,0,317,1.915
144,80,59,0,32,3,0,318,1.92
144,80,59,0,32,4,0,319,1.925
146,80,60,0,32,3,0,321,1.93
146,80,61,0,32,3,0,322,1.935
146,80,61,0,33,3,0,323,1.94
146,82,61,0,33,2,0,324,1.945
146,82,61,0,34,2,0,325,1.95
146,85,61,0,34,4,0,330,1.955
147,85,61,0,36,1,0,330,1.96
149,85,61,0,36,1,0,332,1.965
149,85,61,0,36,1,0,332,1.97
149,86,61,0,36,1,0,333,1.975
149,86,61,0,37,2,0,335,1.98
150,87,61,0,38,2,0,338,1.985
150,88,61,0,38,6,0,343,1.99
150,90,62,0,38,5,0,345,1.995
151,91,65,0,38,3,0,348,2
151,91,65,0,40,2,0,349,2.005
151,91,66,0,40,3,0,351,2.01
151,92,67,0,40,3,0,353,2.015
151,92,69,0,40,2,0,354,2.02
151,93,69,0,40,1,0,354,2.025
151,93,69,0,40,2,0,355,2.03
151,94,69,0,40,2,0,356,2.035
151,94,69,0,40,3,0,357,2.04
151,95,69,0,40,2,0,357,2.045
151,95,69,0,40,4,0,359,2.05
152,96,70,0,40,3,0,361,2.055
152,96,71,0,40,2,0,361,2.06
152,96,71,0,40,3,0,362,2.065
152,97,71,0,40,2,0,362,2.07
153,97,71,0,40,3,0,364,2.075
153,97,71,0,40,5,0,366,2.08
153,98,71,0,41,5,0,368,2.085
153,98,72,0,41,5,0,369,2.09
153,98,74,0,41,5,0,371,2.095
153,98,75,0,42,5,0,373,2.1
154,99,75,0,43,2,0,373,2.105
154,100,75,0,43,3,0,375,2.11
154,101,75,0,43,4,0,377,2.115
155,102,75,0,44,4,0,380,2.12
155,102,75,0,45,4,0,381,2.125
155,103,76,0,45,3,0,382,2.13
155,104,77,0,45,3,0,384,2.135
156,104,77,0,45,5,0,387,2.14
156,104,78,0,45,6,0,389,2.145
156,104,78,0,46,6,0,390,2.15
156,105,78,0,46,5,0,390,2.155
156,105,79,0,48,4,0,392,2.16
157,105,81,0,48,1,0,392,2.165
157,105,82,0,48,3,0,395,2.17
157,105,82,0,48,3,0,395,2.175
158,107,82,0,48,1,0,396,2.18
158,107,82,0,48,4,0,399,2.185
160,108,82,0,49,3,0,402,2.19
160,109,82,0,49,4,0,404,2.195
160,109,82,0,49,5,0,405,2.2
160,109,82,0,49,6,0,406,2.205
160,109,85,0,49,3,0,406,2.21
160,112,86,0,49,3,0,410,2.215
160,113,86,0,49,6,0,414,2.22
161,115,87,0,49,7,0,419,2.225
161,116,88,0,50,5,0,420,2.23
161,117,89,0,51,5,0,423,2.235
162,118,89,0,51,5,0,425,2.24
162,119,90,0,51,8,0,430,2.245
163,120,92,0,51,4,0,430,2.25
163,121,92,0,51,5,0,432,2.255
163,122,94,0,51,4,0,434,2.26
163,123,94,0,51,5,0,436,2.265
163,124,94,0,51,7,0,439,2.27
163,124,96,0,52,5,0,440,2.275
164,125,96,0,53,3,0,441,2.28
165,125,97,0,53,4,0,444,2.285
165,126,97,0,53,4,0,445,2.29
165,128,99,0,53,4,0,449,2.295
165,128,100,0,53,4,0,450,2.3
165,128,102,0,53,5,0,453,2.305
166,128,103,0,53,4,0,454,2.31
166,128,104,0,55,2,0,455,2.315
166,128,104,0,56,2,0,456,2.32
166,129,104,0,56,5,0,460,2.325
166,130,105,0,58,3,0,462,2.33
166,130,106,0,58,5,0,465,2.335
166,130,107,0,58,6,0,467,2.34
166,130,107,0,58,9,0,470,2.345
169,130,110,0,58,5,0,472,2.35
169,132,110,0,58,3,0,472,2.355
170,133,110,0,58,3,0,474,2.36
170,133,111,0,58,3,0,475,2.365
170,135,112,0,58,5,0,480,2.37
170,135,115,0,58,2,0,480,2.375
170,135,115,0,58,2,0,480,2.38
170,135,116,0,58,3,0,482,2.385
170,135,117,0,58,6,0,486,2.39
170,137,118,0,58,6,0,489,2.395
171,138,119,0,58,4,0,490,2.4
172,139,119,0,58,4,0,492,2.405
172,139,119,0,59,5,0,494,2.41
173,139,119,0,61,2,0,494,2.415
173,139,120,0,61,2,0,495,2.42
174,139,121,0,61,2,0,497,2.425
174,139,121,0,61,3,0,498,2.43
174,139,121,0,61,4,0,499,2.435
174,139,121,0,61,6,0,501,2.44
174,140,121,0,62,8,0,505,2.445
174,140,123,0,62,7,0,506,2.45
174,143,123,0,62,6,0,508,2.455
176,144,125,0,62,3,0,510,2.46
176,145,126,0,62,3,0,512,2.465
176,145,126,0,62,4,0,513,2.47
177,145,126,0,62,6,0,516,2.475
177,147,127,0,62,4,0,517,2.48
177,148,127,0,62,8,0,522,2.485
178,148,127,0,63,6,0,522,2.49
178,148,127,0,63,6,0,522,2.495
179,149,127,0,63,7,0,525,2.5
179,151,127,0,64,7,0,528,2.505
180,151,128,0,64,6,0,529,2.51
180,151,129,0,65,7,0,532,2.515
180,153,129,0,65,7,0,534,2.52
181,155,129,0,65,6,0,536,2.525
184,157,129,0,65,6,0,541,2.53
184,157,131,0,65,8,0,545,2.535
185,159,131,0,65,8,0,548,2.54
185,160,132,0,65,8,0,550,2.545
186,160,132,0,65,10,0,553,2.55
188,160,133,0,65,11,0,557,2.555
192,162,133,0,65,9,0,561,2.56
193,164,134,0,66,7,0,564,2.565
194,164,136,0,66,7,0,567,2.57
195,164,139,0,67,6,0,571,2.575
197,165,141,0,68,4,0,575,2.58
197,166,141,0,68,9,0,581,2.585
197,166,142,0,68,11,0,584,2.59
199,167,142,0,68,11,0,587,2.595
200,167,142,0,68,11,0,588,2.6
201,167,143,0,69,13,0,593,2.605
201,168,143,0,69,16,0,597,2.61
201,170,144,0,69,15,0,599,2.615
201,171,145,0,69,15,0,601,2.62
201,173,145,0,69,22,0,610,2.625
202,174,147,0,69,19,0,611,2.63
202,175,149,0,69,16,0,611,2.635
204,176,152,0,71,9,0,612,2.64
204,176,153,0,71,11,0,615,2.645
205,176,155,0,71,10,0,617,2.65
205,177,156,0,72,10,0,620,2.655
205,178,157,0,72,9,0,621,2.66
208,178,157,0,73,8,0,624,2.665
208,178,158,0,73,11,0,628,2.67
209,179,158,0,74,10,0,630,2.675
211,180,159,0,75,6,0,631,2.68
212,181,161,0,75,5,0,634,2.685
212,182,162,0,75,5,0,636,2.69
212,183,162,0,76,10,0,643,2.695
212,183,165,0,76,11,0,647,2.7
214,184,165,0,76,11,0,650,2.705
214,185,165,0,76,10,0,650,2.71
214,185,168,0,76,10,0,653,2.715
214,185,169,0,76,12,0,656,2.72
215,185,171,0,76,12,0,659,2.725
219,187,171,0,76,8,0,661,2.73
219,187,173,0,76,7,0,662,2.735
220,189,174,0,76,5,0,664,2.74
220,189,175,0,76,7,0,667,2.745
220,190,176,0,78,12,0,676,2.75
223,191,176,0,79,9,0,678,2.755
224,193,178,0,80,5,0,680,2.76
225,195,179,0,80,7,0,686,2.765
225,195,179,0,80,7,0,686,2.77
225,195,182,0,80,10,0,692,2.775
226,196,184,0,80,11,0,697,2.78
227,196,184,0,80,13,0,700,2.785
227,196,184,0,80,17,0,704,2.79
227,198,186,0,80,17,0,708,2.795
227,200,188,0,81,14,0,710,2.8
227,201,190,0,82,16,0,716,2.805
228,202,191,0,84,14,0,719,2.81
228,202,193,0,84,13,0,720,2.815
228,203,195,0,84,15,0,725,2.82
228,203,197,0,86,15,0,729,2.825
228,206,200,0,87,11,0,732,2.83
228,206,201,0,87,14,0,736,2.835
229,206,201,0,87,13,0,736,2.84
230,208,201,0,87,17,0,743,2.845
230,212,201,0,87,19,0,749,2.85
230,214,203,0,87,18,0,752,2.855
231,216,204,0,87,23,0,761,2.86
231,218,204,0,88,22,0,763,2.865
232,222,204,0,88,22,0,768,2.87
232,223,205,0,89,22,0,771,2.875
233,224,209,0,90,17,0,773,2.88
234,224,211,0,91,17,0,777,2.885
234,224,213,0,91,16,0,778,2.89
236,226,214,0,92,13,0,781,2.895
236,228,216,0,92,15,0,787,2.9
237,228,216,0,93,15,0,789,2.905
132,113,110,0,35,6,0,396,2.91
132,113,112,0,35,7,0,399,2.915
132,115,113,0,35,6,0,401,2.92
132,115,114,0,35,7,0,403,2.925
132,116,115,0,37,4,0,404,2.93
132,116,115,0,39,5,0,407,2.935
132,117,115,0,40,5,0,409,2.94
132,118,116,0,40,4,0,410,2.945
132,119,117,0,40,4,0,412,2.95
132,119,117,0,40,7,0,415,2.955
134,119,118,0,40,8,0,419,2.96
134,119,118,0,40,11,0,422,2.965
134,119,118,0,40,14,0,425,2.97
134,121,119,0,40,11,0,425,2.975
134,121,120,0,41,13,0,429,2.98
134,121,120,0,42,14,0,431,2.985
134,121,120,0,42,15,0,432,2.99
134,122,122,0,44,12,0,434,2.995
134,122,123,0,46,12,0,437,3
134,122,124,0,46,13,0,439,3.005
134,122,126,0,46,13,0,441,3.01
134,122,129,0,47,11,0,443,3.015
134,122,130,0,47,12,0,445,3.02
135,123,130,0,47,13,0,448,3.025
136,123,130,0,49,13,0,451,3.03
136,123,130,0,51,15,0,455,3.035
136,125,130,0,52,13,0,456,3.04
137,126,132,0,52,10,0,457,3.045
139,128,132,0,52,8,0,459,3.05
139,129,133,0,53,7,0,461,3.055
139,129,133,0,53,9,0,463,3.06
139,129,133,0,54,12,0,467,3.065
139,129,135,0,54,12,0,469,3.07
139,129,135,0,54,15,0,472,3.075
140,131,136,0,55,12,0,474,3.08
140,132,136,0,55,14,0,477,3.085
140,132,136,0,55,15,0,478,3.09
141,132,136,0,55,17,0,481,3.095
141,133,139,0,55,17,0,485,3.1
142,134,140,0,55,17,0,488,3.105
142,135,140,0,56,18,0,491,3.11
142,135,142,0,57,15,0,491,3.115
142,136,144,0,57,14,0,493,3.12
144,137,147,0,57,10,0,495,3.125
145,137,149,0,57,8,0,496,3.13
145,137,149,0,58,12,0,501,3.135
145,137,150,0,58,12,0,502,3.14
145,137,151,0,58,14,0,505,3.145
147,138,152,0,59,11,0,507,3.15
149,138,152,0,59,12,0,510,3.155
150,140,153,0,59,11,0,513,3.16
150,140,154,0,59,14,0,517,3.165
150,142,156,0,59,14,0,521,3.17
152,143,156,0,60,14,0,525,3.175
153,143,158,0,62,10,0,526,3.18
153,143,159,0,63,11,0,529,3.185
155,144,159,0,63,12,0,533,3.19
156,146,160,0,63,11,0,536,3.195
156,146,162,0,63,15,0,542,3.2
157,147,162,0,64,12,0,542,3.205
158,147,162,0,66,13,0,546,3.21
159,148,165,0,66,10,0,548,3.215
160,148,166,0,66,8,0,548,3.22
160,148,166,0,66,11,0,551,3.225
162,148,168,0,66,11,0,555,3.23
162,148,168,0,67,13,0,558,3.235
163,148,168,0,67,15,0,561,3.24
165,148,168,0,67,15,0,563,3.245
166,148,168,0,67,14,0,563,3.25
166,148,169,0,67,14,0,564,3.255
168,149,172,0,67,13,0,569,3.26
168,150,173,0,68,13,0,572,3.265
168,151,174,0,68,13,0,574,3.27
169,151,175,0,68,17,0,580,3.275
169,151,176,0,68,17,0,581,3.28
169,152,176,0,69,19,0,585,3.285
169,155,176,0,71,15,0,586,3.29
170,156,176,0,71,16,0,589,3.295
170,158,177,0,73,17,0,595,3.3
170,159,178,0,73,15,0,595,3.305
170,159,179,0,73,16,0,597,3.31
170,161,180,0,73,14,0,598,3.315
171,162,181,0,74,12,0,600,3.32
171,163,183,0,74,10,0,601,3.325
171,165,183,0,74,13,0,606,3.33
171,165,185,0,74,14,0,609,3.335
171,165,188,0,75,14,0,613,3.34
171,165,193,0,75,12,0,616,3.345
171,167,195,0,76,8,0,617,3.35
171,169,195,0,77,8,0,620,3.355
171,170,196,0,77,9,0,623,3.36
171,170,196,0,77,12,0,626,3.365
171,171,196,0,77,13,0,628,3.37
171,172,196,0,77,16,0,632,3.375
171,173,198,0,78,15,0,635,3.38
171,173,204,0,79,11,0,638,3.385
171,173,205,0,79,13,0,641,3.39
171,173,207,0,79,18,0,648,3.395
171,173,209,0,80,17,0,650,3.4
172,173,210,0,80,18,0,653,3.405
172,173,211,0,81,23,0,660,3.41
172,174,212,0,81,24,0,663,3.415
173,175,212,0,81,23,0,664,3.42
173,177,213,0,82,21,0,666,3.425
174,178,215,0,82,17,0,666,3.43
174,182,221,0,83,8,0,668,3.435
174,183,221,0,85,6,0,669,3.44
174,183,222,0,85,10,0,674,3.445
174,183,223,0,85,13,0,678,3.45
175,183,223,0,85,14,0,680,3.455
176,183,224,0,85,15,0,683,3.46
176,183,226,0,86,13,0,684,3.465
176,183,227,0,86,18,0,690,3.47
176,184,227,0,87,16,0,690,3.475
177,185,229,0,87,15,0,693,3.48
177,186,229,0,88,20,0,700,3.485
178,188,229,0,90,19,0,704,3.49
179,188,231,0,91,18,0,707,3.495
180,190,231,0,93,14,0,708,3.5
181,190,232,0,93,13,0,709,3.505
182,190,232,0,93,15,0,712,3.51
88,93,116,0,52,6,0,355,3.515
88,94,116,0,52,6,0,356,3.52
88,96,116,0,52,5,0,357,3.525
88,98,116,0,52,7,0,361,3.53
88,98,117,0,52,10,0,365,3.535
89,98,119,0,52,7,0,365,3.54
89,99,122,0,52,4,0,366,3.545
89,99,122,0,52,4,0,366,3.55
89,100,122,0,52,5,0,368,3.555
89,100,122,0,52,6,0,369,3.56
90,100,122,0,52,5,0,369,3.565
90,100,122,0,52,6,0,370,3.57
90,101,122,0,52,5,0,370,3.575
90,101,123,0,52,6,0,372,3.58
92,101,124,0,52,6,0,375,3.585
92,102,124,0,52,7,0,377,3.59
92,102,124,0,52,9,0,379,3.595
93,102,124,0,52,10,0,381,3.6
93,103,124,0,52,11,0,383,3.605
93,103,125,0,52,10,0,383,3.61
94,106,126,0,52,8,0,386,3.615
94,108,127,0,53,4,0,386,3.62
94,108,127,0,53,6,0,388,3.625
95,109,127,0,53,6,0,390,3.63
95,110,127,0,53,8,0,393,3.635
95,111,128,0,54,9,0,397,3.64
95,111,128,0,54,13,0,401,3.645
95,111,129,0,56,11,0,402,3.65
96,111,129,0,56,13,0,405,3.655
96,111,131,0,56,13,0,407,3.66
97,111,132,0,56,15,0,411,3.665
97,112,133,0,57,12,0,411,3.67
98,112,133,0,57,13,0,413,3.675
99,112,135,0,57,13,0,416,3.68
99,112,135,0,57,14,0,417,3.685
99,113,135,0,58,13,0,418,3.69
100,113,136,0,58,12,0,419,3.695
100,113,136,0,58,12,0,419,3.7
100,113,137,0,59,14,0,423,3.705
100,115,137,0,60,11,0,423,3.71
100,116,137,0,60,14,0,427,3.715
101,117,139,0,60,11,0,428,3.72
103,117,140,0,60,8,0,428,3.725
103,117,142,0,60,6,0,428,3.73
103,117,142,0,60,9,0,431,3.735
103,118,142,0,61,9,0,433,3.74
103,119,143,0,62,9,0,436,3.745
103,119,143,0,62,11,0,438,3.75
104,119,144,0,62,11,0,440,3.755
104,120,144,0,62,10,0,440,3.76
105,122,144,0,63,6,0,440,3.765
105,123,144,0,65,6,0,443,3.77
105,125,144,0,65,5,0,444,3.775
106,125,145,0,65,3,0,444,3.78
106,125,146,0,65,4,0,446,3.785
106,125,146,0,65,5,0,447,3.79
106,125,147,0,65,7,0,450,3.795
106,125,148,0,65,8,0,452,3.8
106,125,148,0,65,10,0,454,3.805
106,125,148,0,65,13,0,457,3.81
106,125,151,0,65,12,0,459,3.815
106,127,151,0,65,12,0,461,3.82
107,127,152,0,65,14,0,465,3.825
109,127,153,0,65,12,0,466,3.83
109,127,154,0,65,16,0,471,3.835
109,128,155,0,65,17,0,474,3.84
110,128,155,0,65,18,0,476,3.845
110,131,155,0,65,17,0,478,3.85
110,131,155,0,65,17,0,478,3.855
110,131,156,0,65,16,0,478,3.86
111,131,158,0,66,14,0,480,3.865
111,133,158,0,66,15,0,483,3.87
113,134,158,0,69,13,0,487,3.875
113,135,160,0,69,15,0,492,3.88
115,137,160,0,69,13,0,494,3.885
116,137,160,0,70,16,0,499,3.89
116,138,160,0,71,16,0,501,3.895
117,138,160,0,71,16,0,502,3.9
117,140,161,0,71,13,0,502,3.905
118,142,161,0,72,13,0,506,3.91
118,143,163,0,72,13,0,509,3.915
118,143,165,0,72,15,0,513,3.92
118,143,167,0,72,15,0,515,3.925
118,143,167,0,73,18,0,519,3.93
119,143,167,0,74,16,0,519,3.935
119,143,168,0,74,17,0,521,3.94
119,143,169,0,74,18,0,523,3.945
119,144,172,0,74,20,0,529,3.95
119,146,173,0,74,22,0,534,3.955
119,148,173,0,74,21,0,535,3.96
119,148,173,0,75,22,0,537,3.965
119,148,177,0,75,19,0,538,3.97
119,149,177,0,75,19,0,539,3.975
119,151,180,0,75,15,0,540,3.98
119,151,180,0,75,19,0,544,3.985
119,152,180,0,75,21,0,547,3.99
119,153,180,0,75,24,0,551,3.995
121,153,180,0,75,23,0,552,4
122,154,180,0,75,26,0,557,4.005
122,155,180,0,76,26,0,559,4.01
122,156,180,0,76,28,0,562,4.015
122,156,181,0,77,30,0,566,4.02
124,156,182,0,78,29,0,569,4.025
124,156,183,0,78,32,0,573,4.03
124,159,186,0,78,27,0,574,4.035
124,161,186,0,78,30,0,579,4.04
124,162,187,0,78,30,0,581,4.045
124,162,189,0,80,30,0,585,4.05
124,163,190,0,80,32,0,589,4.055
124,164,191,0,80,31,0,590,4.06
124,164,193,0,80,32,0,593,4.065
126,169,194,0,80,28,0,597,4.07
126,171,196,0,81,29,0,603,4.075
126,172,197,0,81,29,0,605,4.08
127,174,197,0,81,32,0,611,4.085
127,174,198,0,81,31,0,611,4.09
128,177,199,0,81,29,0,614,4.095
128,178,199,0,82,33,0,620,4.1
128,180,199,0,83,32,0,622,4.105
129,182,200,0,83,30,0,624,4.11
130,183,203,0,83,31,0,630,4.115
133,186,204,0,83,29,0,635,4.12
133,187,204,0,84,35,0,643,4.125
133,187,204,0,84,36,0,644,4.13
133,187,204,0,84,39,0,647,4.135
134,188,205,0,84,38,0,649,4.14
135,188,205,0,86,37,0,651,4.145
135,188,207,0,86,37,0,653,4.15
137,189,210,0,86,34,0,656,4.155
137,190,211,0,86,33,0,657,4.16
137,190,214,0,87,29,0,657,4.165
137,190,215,0,87,30,0,659,4.17
141,191,215,0,87,29,0,663,4.175
142,192,215,0,87,31,0,667,4.18
142,194,215,0,89,32,0,672,4.185
142,196,216,0,89,37,0,680,4.19
142,197,217,0,89,38,0,683,4.195
144,198,218,0,89,39,0,688,4.2
144,198,218,0,89,40,0,689,4.205
146,198,218,0,89,42,0,693,4.21
146,198,221,0,90,40,0,695,4.215
147,199,222,0,90,38,0,696,4.22
147,200,222,0,91,37,0,697,4.225
148,202,223,0,91,37,0,701,4.23
148,202,223,0,91,41,0,705,4.235
148,203,227,0,92,42,0,712,4.24
70,98,125,0,41,29,0,363,4.245
70,100,125,0,41,28,0,364,4.25
70,100,125,0,41,29,0,365,4.255
70,101,125,0,43,27,0,366,4.26
71,102,125,0,43,27,0,368,4.265
73,102,125,0,43,25,0,368,4.27
73,102,125,0,43,26,0,369,4.275
73,103,126,0,43,25,0,370,4.28
73,103,126,0,43,28,0,373,4.285
73,104,128,0,43,26,0,374,4.29
74,107,130,0,44,24,0,379,4.295
74,108,130,0,44,24,0,380,4.3
75,108,132,0,45,22,0,382,4.305
75,108,134,0,45,24,0,386,4.31
76,108,134,0,45,25,0,388,4.315
76,109,136,0,46,23,0,390,4.32
76,109,136,0,46,25,0,392,4.325
76,109,136,0,47,25,0,393,4.33
76,111,137,0,47,26,0,397,4.335
76,112,137,0,47,26,0,398,4.34
76,113,137,0,47,29,0,402,4.345
76,113,137,0,47,30,0,403,4.35
76,113,137,0,47,33,0,406,4.355
76,113,137,0,47,33,0,406,4.36
76,114,137,0,48,34,0,409,4.365
77,115,137,0,48,33,0,410,4.37
78,115,137,0,49,33,0,412,4.375
80,117,138,0,49,34,0,418,4.38
80,117,139,0,49,37,0,422,4.385
80,117,139,0,49,38,0,423,4.39
80,119,140,0,49,37,0,425,4.395
81,119,142,0,49,35,0,426,4.4
82,120,142,0,50,35,0,429,4.405
82,121,145,0,51,31,0,430,4.41
82,122,146,0,51,33,0,434,4.415
82,123,147,0,51,32,0,435,4.42
82,123,147,0,51,36,0,439,4.425
82,123,147,0,51,38,0,441,4.43
82,125,147,0,51,36,0,441,4.435
82,126,149,0,51,33,0,441,4.44
82,126,149,0,52,32,0,441,4.445
82,126,150,0,52,34,0,444,4.45
82,126,151,0,52,34,0,445,4.455
82,126,151,0,52,35,0,446,4.46
82,127,151,0,53,33,0,446,4.465
83,127,151,0,53,34,0,448,4.47
83,129,151,0,53,33,0,449,4.475
83,132,152,0,53,32,0,452,4.48
84,132,152,0,53,31,0,452,4.485
84,133,152,0,53,35,0,457,4.49
86,133,156,0,53,31,0,459,4.495
87,133,156,0,53,33,0,462,4.5
87,133,157,0,53,35,0,465,4.505
89,137,159,0,53,28,0,466,4.51
90,137,159,0,53,30,0,469,4.515
90,137,159,0,53,31,0,470,4.52
90,139,159,0,54,31,0,473,4.525
91,140,160,0,54,28,0,473,4.53
91,140,160,0,54,31,0,476,4.535
91,140,161,0,54,32,0,478,4.54
91,141,162,0,54,32,0,480,4.545
91,142,162,0,54,34,0,483,4.55
92,144,163,0,54,34,0,487,4.555
93,145,163,0,55,37,0,493,4.56
93,145,164,0,55,38,0,495,4.565
93,146,166,0,55,39,0,499,4.57
93,147,167,0,55,40,0,502,4.575
93,148,169,0,55,43,0,508,4.58
93,148,169,0,55,44,0,509,4.585
94,149,170,0,56,47,0,516,4.59
94,150,170,0,56,48,0,518,4.595
96,150,170,0,56,48,0,520,4.6
96,150,171,0,56,51,0,524,4.605
97,151,172,0,56,50,0,526,4.61
97,151,175,0,56,49,0,528,4.615
97,152,175,0,56,49,0,529,4.62
99,154,177,0,57,45,0,532,4.625
99,155,178,0,58,49,0,539,4.63
99,155,178,0,58,53,0,543,4.635
100,157,178,0,58,54,0,547,4.64
100,158,179,0,58,55,0,550,4.645
101,158,179,0,60,54,0,552,4.65
101,159,179,0,60,55,0,554,4.655
102,159,181,0,61,55,0,558,4.66
103,160,181,0,62,53,0,559,4.665
103,161,182,0,62,52,0,560,4.67
104,164,182,0,62,52,0,564,4.675
106,165,183,0,63,53,0,570,4.68
107,165,183,0,63,52,0,570,4.685
107,165,184,0,63,52,0,571,4.69
108,167,184,0,64,52,0,575,4.695
108,168,186,0,64,49,0,575,4.7
108,169,186,0,65,50,0,578,4.705
108,169,188,0,65,52,0,582,4.71
108,170,189,0,65,53,0,585,4.715
109,171,190,0,65,54,0,589,4.72
110,173,190,0,66,52,0,591,4.725
111,174,192,0,66,48,0,591,4.73
111,174,192,0,66,51,0,594,4.735
112,174,198,0,66,49,0,599,4.74
113,175,198,0,67,49,0,602,4.745
113,175,200,0,67,50,0,605,4.75
114,175,203,0,67,49,0,608,4.755
114,178,203,0,68,51,0,614,4.76
114,179,204,0,68,57,0,622,4.765
114,179,204,0,68,59,0,624,4.77
115,180,205,0,68,59,0,627,4.775
115,182,205,0,68,60,0,630,4.78
115,183,205,0,68,59,0,630,4.785
115,184,207,0,68,62,0,636,4.79
115,186,209,0,68,63,0,641,4.795
116,187,209,0,69,66,0,647,4.8
118,187,212,0,70,62,0,649,4.805
118,188,212,0,70,64,0,652,4.81
118,192,214,0,71,61,0,656,4.815
119,196,215,0,71,58,0,659,4.82
119,197,218,0,71,60,0,665,4.825
119,197,218,0,71,62,0,667,4.83
120,198,218,0,71,63,0,670,4.835
120,204,218,0,71,61,0,674,4.84
122,204,219,0,71,62,0,678,4.845
124,206,221,0,72,58,0,681,4.85
127,209,221,0,72,53,0,682,4.855
127,210,222,0,72,53,0,684,4.86
127,211,223,0,72,55,0,688,4.865
128,211,225,0,73,54,0,691,4.87
128,212,226,0,74,56,0,696,4.875
128,212,226,0,75,60,0,701,4.88
128,214,227,0,75,66,0,710,4.885
128,216,228,0,76,65,0,713,4.89
129,216,231,0,77,65,0,718,4.895
130,217,232,0,78,61,0,718,4.9
131,219,233,0,78,58,0,719,4.905
131,222,233,0,78,56,0,720,4.91
133,225,234,0,78,54,0,724,4.915
134,228,234,0,80,49,0,725,4.92
134,229,236,0,80,51,0,730,4.925
136,229,236,0,83,52,0,736,4.93
137,231,236,0,84,52,0,740,4.935
137,232,238,0,84,53,0,744,4.94
139,232,242,0,85,51,0,749,4.945
141,233,244,0,87,48,0,753,4.95
141,233,245,0,87,51,0,757,4.955
142,235,245,0,88,50,0,760,4.96
145,235,249,0,89,43,0,761,4.965
145,236,251,0,90,47,0,769,4.97
145,238,251,0,90,47,0,771,4.975
146,240,251,0,91,48,0,776,4.98
146,240,253,0,92,50,0,781,4.985
146,240,254,0,93,51,0,784,4.99
147,241,255,0,93,51,0,787,4.995
148,243,257,0,93,47,0,788,5
149,244,259,0,93,46,0,791,5.005
150,244,259,0,93,50,0,796,5.01
150,245,260,0,93,54,0,802,5.015
150,247,263,0,93,53,0,806,5.02
152,248,263,0,93,52,0,808,5.025
67,133,133,0,49,25,0,407,5.03
67,133,133,0,50,27,0,410,5.035
67,135,133,0,50,26,0,411,5.04
67,137,133,0,50,29,0,416,5.045
67,138,134,0,50,29,0,418,5.05
67,139,135,0,50,29,0,420,5.055
67,139,135,0,51,28,0,420,5.06
68,139,135,0,51,30,0,423,5.065
68,141,136,0,53,27,0,425,5.07
68,142,138,0,54,23,0,425,5.075
68,142,138,0,54,24,0,426,5.08
68,142,139,0,54,23,0,426,5.085
68,143,140,0,54,22,0,427,5.09
70,143,140,0,54,22,0,429,5.095
70,143,140,0,54,24,0,431,5.1
70,144,140,0,55,27,0,436,5.105
71,144,140,0,55,28,0,438,5.11
71,145,140,0,55,34,0,445,5.115
72,145,141,0,55,34,0,447,5.12
72,145,142,0,55,34,0,448,5.125
73,145,142,0,55,38,0,453,5.13
74,147,142,0,56,37,0,456,5.135
74,147,143,0,56,38,0,458,5.14
74,148,143,0,56,39,0,460,5.145
74,149,143,0,56,41,0,463,5.15
74,149,145,0,57,44,0,469,5.155
74,149,146,0,57,43,0,469,5.16
75,149,147,0,57,46,0,474,5.165
77,149,147,0,57,45,0,475,5.17
77,150,147,0,57,47,0,478,5.175
77,151,148,0,57,50,0,483,5.18
77,152,149,0,58,54,0,490,5.185
77,153,150,0,58,52,0,490,5.19
77,154,150,0,58,54,0,493,5.195
77,154,151,0,58,56,0,496,5.2
77,155,152,0,59,57,0,500,5.205
77,155,152,0,60,59,0,503,5.21
77,155,153,0,60,60,0,505,5.215
77,156,154,0,60,60,0,507,5.22
77,156,156,0,60,59,0,508,5.225
77,156,156,0,61,64,0,514,5.23
78,159,156,0,62,61,0,516,5.235
78,162,156,0,62,64,0,522,5.24
79,162,157,0,62,64,0,524,5.245
79,163,157,0,62,66,0,527,5.25
79,163,159,0,62,68,0,531,5.255
79,163,159,0,63,69,0,533,5.26
80,165,159,0,64,66,0,534,5.265
80,165,160,0,64,66,0,535,5.27
80,165,160,0,65,67,0,537,5.275
80,165,161,0,65,69,0,540,5.28
80,165,163,0,67,67,0,542,5.285
80,167,163,0,67,66,0,543,5.29
80,167,164,0,68,68,0,547,5.295
80,167,167,0,68,68,0,550,5.3
81,168,169,0,69,66,0,553,5.305
81,169,170,0,70,69,0,559,5.31
82,169,172,0,71,67,0,561,5.315
82,169,173,0,72,66,0,562,5.32
83,169,174,0,72,65,0,563,5.325
83,169,176,0,72,65,0,565,5.33
83,170,177,0,72,65,0,567,5.335
85,170,178,0,73,62,0,568,5.34
86,170,178,0,73,65,0,572,5.345
86,171,178,0,73,66,0,574,5.35
87,172,180,0,73,63,0,575,5.355
87,174,181,0,75,59,0,576,5.36
88,177,185,0,76,53,0,579,5.365
89,179,185,0,76,52,0,581,5.37
89,180,185,0,78,52,0,584,5.375
89,180,186,0,78,54,0,587,5.38
89,180,187,0,78,56,0,590,5.385
90,181,188,0,79,57,0,595,5.39
90,181,188,0,79,59,0,597,5.395
91,181,188,0,79,62,0,601,5.4
91,183,189,0,79,61,0,603,5.405
94,183,189,0,79,62,0,607,5.41
94,184,189,0,79,64,0,610,5.415
94,184,190,0,81,63,0,612,5.42
94,185,192,0,82,65,0,618,5.425
95,186,193,0,82,65,0,621,5.43
96,188,195,0,83,61,0,623,5.435
96,188,195,0,84,60,0,623,5.44
97,188,197,0,85,58,0,625,5.445
98,188,198,0,85,58,0,627,5.45
98,188,201,0,85,58,0,630,5.455
98,190,204,0,85,54,0,631,5.46
98,191,204,0,86,57,0,636,5.465
98,193,207,0,87,54,0,639,5.47
98,193,207,0,87,57,0,642,5.475
98,194,207,0,87,60,0,646,5.48
99,197,208,0,87,63,0,654,5.485
99,198,209,0,87,63,0,656,5.49
99,198,209,0,87,65,0,658,5.495
99,199,210,0,88,65,0,661,5.5
99,201,211,0,88,66,0,665,5.505
100,202,213,0,88,64,0,667,5.51
102,202,214,0,88,62,0,668,5.515
103,204,217,0,88,56,0,668,5.52
103,205,218,0,89,54,0,669,5.525
104,205,218,0,89,59,0,675,5.53
105,206,219,0,89,62,0,681,5.535
106,207,219,0,89,65,0,686,5.54
106,208,221,0,89,67,0,691,5.545
106,211,222,0,89,66,0,694,5.55
107,211,222,0,90,67,0,697,5.555
108,213,224,0,90,64,0,699,5.56
108,213,227,0,91,62,0,701,5.565
108,213,227,0,91,67,0,706,5.57
108,216,228,0,91,68,0,711,5.575
108,217,229,0,91,71,0,716,5.58
109,217,229,0,91,79,0,725,5.585
109,217,229,0,92,83,0,730,5.59
109,218,229,0,92,89,0,737,5.595
109,220,229,0,93,90,0,741,5.6
110,220,230,0,93,90,0,743,5.605
110,220,231,0,93,91,0,745,5.61
111,222,233,0,93,90,0,749,5.615
57,109,110,0,50,47,0,373,5.62
57,110,111,0,50,46,0,374,5.625
58,110,111,0,50,47,0,376,5.63
58,111,111,0,50,49,0,379,5.635
58,112,111,0,51,50,0,382,5.64
59,112,111,0,52,48,0,382,5.645
59,113,111,0,52,47,0,382,5.65
59,114,112,0,52,48,0,385,5.655
60,114,112,0,52,49,0,387,5.66
61,115,112,0,52,48,0,388,5.665
61,115,113,0,52,49,0,390,5.67
61,116,113,0,52,49,0,391,5.675
61,117,114,0,52,48,0,392,5.68
61,118,115,0,53,49,0,396,5.685
61,118,115,0,53,51,0,398,5.69
61,118,115,0,53,52,0,399,5.695
61,118,117,0,53,53,0,402,5.7
61,120,117,0,54,50,0,402,5.705
61,120,117,0,55,50,0,403,5.71
62,120,117,0,56,50,0,405,5.715
62,121,119,0,56,51,0,409,5.72
64,123,119,0,56,51,0,413,5.725
64,123,119,0,57,52,0,415,5.73
64,124,119,0,57,54,0,418,5.735
65,124,119,0,57,55,0,420,5.74
65,124,120,0,57,54,0,420,5.745
65,125,121,0,57,52,0,420,5.75
65,125,122,0,57,52,0,421,5.755
66,125,122,0,57,55,0,425,5.76
66,125,123,0,57,59,0,430,5.765
66,125,124,0,57,62,0,434,5.77
67,127,124,0,57,60,0,435,5.775
68,127,125,0,58,57,0,435,5.78
68,127,125,0,58,58,0,436,5.785
68,127,126,0,58,58,0,437,5.79
69,128,126,0,58,59,0,440,5.795
70,129,126,0,59,58,0,442,5.8
72,130,126,0,59,56,0,443,5.805
72,131,126,0,59,57,0,445,5.81
74,132,126,0,59,55,0,446,5.815
75,133,126,0,59,54,0,447,5.82
75,133,126,0,59,55,0,448,5.825
75,133,126,0,59,55,0,448,5.83
76,134,127,0,59,54,0,450,5.835
77,134,128,0,59,59,0,457,5.84
77,135,131,0,59,58,0,460,5.845
77,136,131,0,59,60,0,463,5.85
77,136,133,0,59,60,0,465,5.855
77,138,135,0,59,59,0,468,5.86
77,138,136,0,59,60,0,470,5.865
77,139,136,0,59,61,0,472,5.87
79,140,136,0,59,59,0,473,5.875
79,140,136,0,59,60,0,474,5.88
79,140,136,0,59,62,0,476,5.885
79,141,136,0,59,62,0,477,5.89
79,142,136,0,61,60,0,478,5.895
79,143,136,0,62,61,0,481,5.9
79,144,137,0,63,60,0,483,5.905
79,144,138,0,63,59,0,483,5.91
79,144,140,0,64,59,0,486,5.915
79,146,140,0,64,58,0,487,5.92
79,147,140,0,64,61,0,491,5.925
80,148,140,0,64,62,0,494,5.93
80,148,140,0,64,64,0,496,5.935
80,149,144,0,67,62,0,502,5.94
80,149,144,0,67,65,0,505,5.945
82,150,144,0,68,63,0,507,5.95
82,151,145,0,68,61,0,507,5.955
83,152,145,0,68,60,0,508,5.96
84,153,148,0,68,55,0,508,5.965
85,156,148,0,68,55,0,512,5.97
86,156,148,0,68,58,0,516,5.975
86,158,149,0,69,58,0,520,5.98
86,159,150,0,69,58,0,522,5.985
87,159,151,0,69,62,0,528,5.99
87,160,152,0,70,61,0,530,5.995
87,161,153,0,71,61,0,533,6
87,161,154,0,71,62,0,535,6.005
88,162,156,0,72,61,0,539,6.01
88,162,157,0,74,65,0,546,6.015
89,164,159,0,74,63,0,549,6.02
89,165,160,0,75,63,0,552,6.025
90,167,160,0,76,59,0,552,6.03
90,167,163,0,76,59,0,555,6.035
90,167,163,0,77,59,0,556,6.04
91,167,165,0,77,58,0,558,6.045
91,168,165,0,77,61,0,562,6.05
91,168,165,0,77,63,0,564,6.055
91,170,166,0,77,62,0,566,6.06
93,170,167,0,77,61,0,568,6.065
93,171,167,0,77,64,0,572,6.07
93,171,168,0,78,68,0,578,6.075
94,174,168,0,78,69,0,583,6.08
95,175,168,0,78,71,0,587,6.085
95,176,169,0,78,71,0,589,6.09
96,177,170,0,78,72,0,593,6.095
96,177,170,0,79,73,0,595,6.1
97,177,170,0,80,75,0,599,6.105
98,178,171,0,80,75,0,602,6.11
98,179,173,0,80,73,0,603,6.115
99,180,173,0,80,76,0,608,6.12
99,181,174,0,80,77,0,611,6.125
100,181,175,0,80,79,0,615,6.13
103,181,175,0,82,77,0,618,6.135
104,181,176,0,82,79,0,622,6.14
104,182,178,0,83,80,0,627,6.145
107,183,180,0,83,80,0,633,6.15
108,186,181,0,83,78,0,636,6.155
110,187,181,0,83,77,0,638,6.16
110,187,182,0,83,79,0,641,6.165
111,187,184,0,83,81,0,646,6.17
112,188,184,0,84,81,0,649,6.175
112,192,187,0,84,76,0,651,6.18
113,193,188,0,84,74,0,652,6.185
114,193,189,0,85,75,0,656,6.19
115,196,189,0,87,71,0,658,6.195
115,197,190,0,88,69,0,659,6.2
116,198,192,0,88,69,0,663,6.205
116,200,193,0,88,69,0,666,6.21
118,201,193,0,88,70,0,670,6.215
119,202,194,0,88,74,0,677,6.22
120,203,195,0,88,74,0,680,6.225
120,203,196,0,88,73,0,680,6.23
120,203,197,0,88,72,0,680,6.235
120,204,197,0,89,78,0,688,6.24
122,206,198,0,89,76,0,691,6.245
122,206,198,0,89,81,0,696,6.25
122,208,198,0,89,80,0,697,6.255
122,210,200,0,90,77,0,699,6.26
124,210,203,0,90,75,0,702,6.265
125,210,204,0,90,75,0,704,6.27
126,212,205,0,91,71,0,705,6.275
128,213,205,0,91,74,0,711,6.28
128,214,206,0,91,76,0,715,6.285
128,217,207,0,93,75,0,720,6.29
128,219,208,0,93,75,0,723,6.295
62,102,102,0,55,37,0,358,6.3
62,103,103,0,55,39,0,362,6.305
62,103,103,0,55,39,0,362,6.31
62,104,104,0,55,38,0,363,6.315
63,104,104,0,55,37,0,363,6.32
63,104,105,0,55,38,0,365,6.325
63,105,105,0,55,39,0,367,6.33
63,105,107,0,56,39,0,370,6.335
65,105,107,0,56,38,0,371,6.34
65,106,107,0,57,36,0,371,6.345
65,106,107,0,57,37,0,372,6.35
67,106,107,0,57,37,0,374,6.355
69,107,107,0,57,35,0,375,6.36
69,109,107,0,58,32,0,375,6.365
69,109,107,0,58,33,0,376,6.37
69,111,109,0,59,29,0,377,6.375
69,112,110,0,61,28,0,380,6.38
70,113,112,0,61,24,0,380,6.385
70,114,113,0,61,23,0,381,6.39
70,116,114,0,61,24,0,385,6.395
70,116,115,0,62,24,0,387,6.4
70,116,117,0,62,22,0,387,6.405
72,116,118,0,62,24,0,392,6.41
72,117,120,0,62,24,0,395,6.415
73,119,122,0,62,20,0,396,6.42
73,119,122,0,62,23,0,399,6.425
73,119,123,0,62,22,0,399,6.43
74,119,124,0,62,22,0,401,6.435
74,119,124,0,63,24,0,404,6.44
75,120,126,0,63,21,0,405,6.445
76,121,126,0,63,26,0,412,6.45
76,123,127,0,63,24,0,413,6.455
76,124,128,0,64,21,0,413,6.46
77,125,128,0,65,19,0,414,6.465
78,125,131,0,65,16,0,415,6.47
78,126,132,0,65,14,0,415,6.475
78,126,132,0,65,16,0,417,6.48
78,126,133,0,65,18,0,420,6.485
78,127,134,0,65,16,0,420,6.49
78,127,135,0,65,18,0,423,6.495
78,128,136,0,65,18,0,425,6.5
78,128,136,0,65,20,0,427,6.505
79,128,137,0,66,21,0,431,6.51
79,130,140,0,66,16,0,431,6.515
80,131,140,0,66,16,0,433,6.52
80,131,141,0,66,15,0,433,6.525
80,131,143,0,66,18,0,438,6.53
80,132,144,0,66,16,0,438,6.535
80,132,144,0,66,17,0,439,6.54
80,132,145,0,67,19,0,443,6.545
80,132,145,0,68,19,0,444,6.55
82,133,145,0,68,20,0,448,6.555
82,133,146,0,69,22,0,452,6.56
82,133,147,0,69,24,0,455,6.565
82,133,147,0,69,24,0,455,6.57
82,135,148,0,69,27,0,461,6.575
82,135,149,0,69,28,0,463,6.58
82,135,150,0,69,31,0,467,6.585
82,135,154,0,69,28,0,468,6.59
82,135,154,0,70,32,0,473,6.595
82,135,155,0,71,31,0,474,6.6
82,135,155,0,71,32,0,475,6.605
82,135,156,0,71,32,0,476,6.61
82,136,156,0,71,33,0,478,6.615
82,137,157,0,71,35,0,482,6.62
82,137,161,0,71,35,0,486,6.625
82,138,162,0,71,38,0,491,6.63
83,138,163,0,72,39,0,495,6.635
83,138,166,0,72,41,0,500,6.64
83,139,166,0,73,41,0,502,6.645
83,139,166,0,73,45,0,506,6.65
83,140,166,0,73,46,0,508,6.655
83,141,167,0,73,46,0,510,6.66
83,141,167,0,74,46,0,511,6.665
83,141,168,0,74,47,0,513,6.67
83,142,169,0,75,49,0,518,6.675
83,143,169,0,75,50,0,520,6.68
83,144,169,0,75,50,0,521,6.685
83,144,169,0,75,52,0,523,6.69
83,144,169,0,76,54,0,526,6.695
84,145,170,0,76,53,0,528,6.7
84,145,171,0,76,53,0,529,6.705
84,145,172,0,77,52,0,530,6.71
87,145,173,0,77,50,0,532,6.715
87,147,173,0,77,51,0,535,6.72
88,147,173,0,78,53,0,539,6.725
89,149,173,0,78,54,0,543,6.73
89,150,176,0,78,53,0,546,6.735
89,150,176,0,78,57,0,550,6.74
89,152,177,0,78,56,0,552,6.745
91,153,177,0,78,56,0,555,6.75
91,154,178,0,78,55,0,556,6.755
91,154,178,0,78,57,0,558,6.76
92,156,180,0,78,56,0,562,6.765
92,156,181,0,80,56,0,565,6.77
93,158,182,0,80,54,0,567,6.775
93,160,182,0,80,54,0,569,6.78
94,161,182,0,81,55,0,573,6.785
95,163,183,0,81,51,0,573,6.79
95,163,183,0,81,51,0,573,6.795
96,164,187,0,82,45,0,574,6.8
98,165,187,0,82,43,0,575,6.805
99,166,188,0,82,41,0,576,6.81
99,166,188,0,82,45,0,580,6.815
99,166,188,0,82,50,0,585,6.82
100,166,188,0,83,52,0,589,6.825
100,166,189,0,84,53,0,592,6.83
100,167,190,0,84,54,0,595,6.835
101,167,190,0,85,55,0,598,6.84
102,168,191,0,85,57,0,603,6.845
103,168,193,0,85,56,0,605,6.85
103,169,193,0,85,56,0,606,6.855
103,169,194,0,85,59,0,610,6.86
103,169,195,0,85,62,0,614,6.865
103,171,196,0,85,62,0,617,6.87
103,172,198,0,85,63,0,621,6.875
105,173,198,0,85,60,0,621,6.88
105,173,199,0,85,59,0,621,6.885
105,174,199,0,85,60,0,623,6.89
105,175,199,0,85,61,0,625,6.895
105,176,199,0,85,60,0,625,6.9
105,176,201,0,85,62,0,629,6.905
107,178,202,0,87,56,0,630,6.91
107,178,202,0,89,57,0,633,6.915
107,179,203,0,89,55,0,633,6.92
107,180,204,0,91,52,0,634,6.925
108,181,204,0,91,51,0,635,6.93
108,181,206,0,92,49,0,636,6.935
109,181,208,0,92,47,0,637,6.94
109,181,208,0,92,53,0,643,6.945
109,181,209,0,92,57,0,648,6.95
109,184,210,0,92,56,0,651,6.955
109,186,211,0,93,56,0,655,6.96
109,188,211,0,93,59,0,660,6.965
109,189,212,0,93,60,0,663,6.97
109,190,212,0,93,61,0,665,6.975
109,190,212,0,93,61,0,665,6.98
109,191,212,0,93,64,0,669,6.985
111,192,212,0,93,62,0,670,6.99
111,194,213,0,93,62,0,673,6.995
111,197,213,0,93,61,0,675,7
61,103,125,0,45,26,0,360,7.005
62,103,126,0,45,24,0,360,7.01
63,104,127,0,46,24,0,364,7.015
63,105,127,0,46,25,0,366,7.02
63,105,127,0,46,26,0,367,7.025
65,105,128,0,47,24,0,369,7.03
65,108,131,0,47,21,0,372,7.035
65,110,132,0,47,22,0,376,7.04
65,111,132,0,47,21,0,376,7.045
65,111,132,0,47,24,0,379,7.05
65,111,133,0,47,26,0,382,7.055
65,112,134,0,47,24,0,382,7.06
65,112,134,0,47,26,0,384,7.065
65,112,134,0,47,29,0,387,7.07
66,112,136,0,47,31,0,392,7.075
66,112,138,0,47,33,0,396,7.08
67,112,140,0,47,32,0,398,7.085
68,112,141,0,47,31,0,399,7.09
68,112,141,0,47,33,0,401,7.095
68,112,141,0,47,34,0,402,7.1
68,114,141,0,47,34,0,404,7.105
68,114,142,0,47,33,0,404,7.11
68,115,142,0,48,32,0,405,7.115
68,116,142,0,48,33,0,407,7.12
68,116,142,0,48,34,0,408,7.125
68,116,143,0,48,34,0,409,7.13
69,116,145,0,49,32,0,411,7.135
69,116,146,0,50,32,0,413,7.14
69,118,146,0,50,31,0,414,7.145
70,118,146,0,50,30,0,414,7.15
71,118,148,0,50,27,0,414,7.155
71,118,150,0,51,25,0,415,7.16
72,118,150,0,52,24,0,416,7.165
74,120,150,0,53,21,0,418,7.17
74,120,151,0,53,23,0,421,7.175
75,120,152,0,53,23,0,423,7.18
76,120,152,0,54,25,0,427,7.185
76,120,153,0,55,25,0,429,7.19
76,121,154,0,55,24,0,430,7.195
76,122,154,0,55,29,0,436,7.2
77,124,154,0,56,32,0,443,7.205
79,125,154,0,56,30,0,444,7.21
79,125,154,0,56,32,0,446,7.215
80,125,155,0,56,34,0,450,7.22
80,127,156,0,56,36,0,455,7.225
80,127,157,0,56,38,0,458,7.23
80,128,157,0,56,39,0,460,7.235
80,129,159,0,56,38,0,462,7.24
83,132,159,0,56,33,0,463,7.245
83,132,160,0,56,34,0,465,7.25
84,132,160,0,56,36,0,468,7.255
84,133,160,0,56,38,0,471,7.26
85,133,162,0,56,36,0,472,7.265
85,133,164,0,56,36,0,474,7.27
86,133,165,0,57,34,0,475,7.275
86,134,165,0,57,34,0,476,7.28
86,135,168,0,57,31,0,477,7.285
86,135,169,0,58,32,0,480,7.29
86,136,171,0,58,31,0,482,7.295
86,136,172,0,58,34,0,486,7.3
87,138,173,0,58,32,0,488,7.305
87,140,174,0,58,30,0,489,7.31
87,141,174,0,58,31,0,491,7.315
88,141,175,0,59,29,0,492,7.32
89,141,175,0,59,29,0,493,7.325
89,141,175,0,60,28,0,493,7.33
89,141,175,0,62,31,0,498,7.335
89,144,176,0,62,29,0,500,7.34
89,144,176,0,62,33,0,504,7.345
89,144,177,0,62,32,0,504,7.35
90,145,178,0,63,30,0,506,7.355
90,145,178,0,63,32,0,508,7.36
90,145,180,0,63,31,0,509,7.365
90,146,181,0,64,30,0,511,7.37
90,149,182,0,64,29,0,514,7.375
91,150,182,0,64,28,0,515,7.38
91,151,183,0,65,29,0,519,7.385
91,151,184,0,65,31,0,522,7.39
92,152,185,0,65,30,0,524,7.395
92,154,185,0,65,29,0,525,7.4
92,156,186,0,65,29,0,528,7.405
92,158,187,0,65,26,0,528,7.41
93,159,188,0,65,25,0,530,7.415
93,159,189,0,65,30,0,536,7.42
93,160,190,0,65,29,0,537,7.425
94,160,191,0,65,28,0,538,7.43
94,161,192,0,65,31,0,543,7.435
94,161,194,0,66,31,0,546,7.44
96,163,194,0,67,31,0,551,7.445
97,164,195,0,68,29,0,553,7.45
97,165,197,0,68,29,0,556,7.455
97,165,198,0,68,30,0,558,7.46
97,165,199,0,69,29,0,559,7.465
98,165,199,0,69,30,0,561,7.47
98,166,201,0,71,29,0,565,7.475
98,167,201,0,71,32,0,569,7.48
98,169,202,0,72,30,0,571,7.485
98,169,203,0,72,32,0,574,7.49
99,169,205,0,72,33,0,578,7.495
99,170,208,0,72,31,0,580,7.5
100,171,210,0,72,27,0,580,7.505
102,171,210,0,72,33,0,588,7.51
103,171,210,0,74,33,0,591,7.515
104,172,210,0,74,33,0,593,7.52
105,172,211,0,74,34,0,596,7.525
106,173,212,0,74,34,0,599,7.53
106,174,212,0,74,36,0,602,7.535
106,175,212,0,74,36,0,603,7.54
106,175,213,0,75,36,0,605,7.545
107,176,214,0,75,36,0,608,7.55
108,177,215,0,75,33,0,608,7.555
108,178,216,0,75,33,0,610,7.56
108,180,217,0,75,33,0,613,7.565
108,181,219,0,75,35,0,618,7.57
109,182,220,0,75,32,0,618,7.575
110,183,221,0,75,32,0,621,7.58
110,183,221,0,75,36,0,625,7.585
111,184,223,0,75,33,0,626,7.59
111,184,223,0,75,36,0,629,7.595
111,187,223,0,75,37,0,633,7.6
111,188,223,0,76,40,0,638,7.605
113,188,225,0,76,39,0,641,7.61
113,190,225,0,76,40,0,644,7.615
113,190,226,0,76,44,0,649,7.62
113,191,226,0,76,44,0,650,7.625
114,191,226,0,76,45,0,652,7.63
114,193,226,0,76,45,0,654,7.635
114,194,227,0,77,46,0,658,7.64
114,195,227,0,78,46,0,660,7.645
114,195,229,0,78,49,0,665,7.65
114,196,231,0,78,47,0,666,7.655
114,196,232,0,78,51,0,671,7.66
114,196,233,0,79,54,0,676,7.665
114,197,236,0,79,54,0,680,7.67
116,198,237,0,79,52,0,682,7.675
116,199,238,0,79,53,0,685,7.68
116,200,238,0,79,56,0,689,7.685
117,201,239,0,79,59,0,695,7.69
117,201,239,0,80,61,0,698,7.695
117,201,239,0,80,66,0,703,7.7
117,203,239,0,80,66,0,705,7.705
117,206,243,0,80,63,0,709,7.71
117,207,243,0,81,66,0,714,7.715
118,207,244,0,81,65,0,715,7.72
118,209,244,0,82,65,0,718,7.725
118,209,245,0,82,67,0,721,7.73
118,210,248,0,82,64,0,722,7.735
119,212,248,0,82,65,0,726,7.74
119,214,248,0,82,68,0,731,7.745
120,214,249,0,82,70,0,735,7.75
121,216,251,0,83,66,0,737,7.755
122,216,252,0,83,66,0,739,7.76
124,216,252,0,83,67,0,742,7.765
126,216,253,0,85,66,0,746,7.77
128,216,255,0,85,65,0,749,7.775
130,217,256,0,85,63,0,751,7.78
131,218,258,0,85,61,0,753,7.785
133,220,259,0,85,63,0,760,7.79
134,223,260,0,86,60,0,763,7.795
134,224,260,0,86,65,0,769,7.8
